-- phpMyAdmin SQL Dump
-- version 5.2.1
-- https://www.phpmyadmin.net/
--
-- Servidor: 127.0.0.1
-- Tiempo de generación: 11-12-2023 a las 15:32:40
-- Versión del servidor: 10.4.28-MariaDB
-- Versión de PHP: 8.2.4

SET SQL_MODE = "NO_AUTO_VALUE_ON_ZERO";
START TRANSACTION;
SET time_zone = "+00:00";


/*!40101 SET @OLD_CHARACTER_SET_CLIENT=@@CHARACTER_SET_CLIENT */;
/*!40101 SET @OLD_CHARACTER_SET_RESULTS=@@CHARACTER_SET_RESULTS */;
/*!40101 SET @OLD_COLLATION_CONNECTION=@@COLLATION_CONNECTION */;
/*!40101 SET NAMES utf8mb4 */;

--
-- Base de datos: `tiendita`
--

-- --------------------------------------------------------

--
-- Estructura de tabla para la tabla `clientes`
--

CREATE TABLE `clientes` (
  `id` int(11) NOT NULL,
  `nombre` varchar(100) DEFAULT NULL,
  `direccion` varchar(255) DEFAULT NULL,
  `telefono` varchar(20) DEFAULT NULL
) ENGINE=InnoDB DEFAULT CHARSET=utf8mb4 COLLATE=utf8mb4_general_ci;

--
-- Volcado de datos para la tabla `clientes`
--

INSERT INTO `clientes` (`id`, `nombre`, `direccion`, `telefono`) VALUES
(1, 'Juan Perez', 'Calle A, Ciudad X', '111-111-1111'),
(2, 'Maria Rodriguez', 'Avenida B, Ciudad Y', '222-222-2222'),
(3, 'Carlos Sanchez', 'Calle C, Ciudad Z', '333-333-3333'),
(4, 'Laura Gomez', 'Avenida D, Ciudad W', '444-444-4444'),
(5, 'Roberto Jimenez', 'Calle E, Ciudad V', '555-555-5555');

-- --------------------------------------------------------

--
-- Estructura de tabla para la tabla `detalles_pedido`
--

CREATE TABLE `detalles_pedido` (
  `id` int(11) NOT NULL,
  `pedidos_id` int(11) DEFAULT NULL,
  `productos_id` int(11) DEFAULT NULL,
  `cantidad` int(11) DEFAULT NULL,
  `subtotal` decimal(10,2) DEFAULT NULL
) ENGINE=InnoDB DEFAULT CHARSET=utf8mb4 COLLATE=utf8mb4_general_ci;

--
-- Volcado de datos para la tabla `detalles_pedido`
--

INSERT INTO `detalles_pedido` (`id`, `pedidos_id`, `productos_id`, `cantidad`, `subtotal`) VALUES
(1, 1, 1, 2, 100.00),
(2, 1, 3, 1, 50.00),
(3, 1, 7, 3, 90.00),
(4, 2, 2, 1, 400.00),
(5, 2, 5, 2, 600.00),
(6, 3, 8, 1, 80.00),
(7, 3, 10, 2, 150.00),
(8, 4, 6, 1, 50.00),
(9, 4, 12, 1, 90.00),
(10, 5, 4, 1, 150.00),
(11, 5, 11, 1, 120.00),
(12, 5, 14, 2, 80.00);

-- --------------------------------------------------------

--
-- Estructura de tabla para la tabla `pedidos`
--

CREATE TABLE `pedidos` (
  `id` int(11) NOT NULL,
  `clientes_id` int(11) DEFAULT NULL,
  `fecha_pedido` date DEFAULT NULL,
  `total` decimal(10,2) DEFAULT NULL
) ENGINE=InnoDB DEFAULT CHARSET=utf8mb4 COLLATE=utf8mb4_general_ci;

--
-- Volcado de datos para la tabla `pedidos`
--

INSERT INTO `pedidos` (`id`, `clientes_id`, `fecha_pedido`, `total`) VALUES
(1, 1, '2023-01-15', 350.00),
(2, 2, '2023-01-16', 120.00),
(3, 3, '2023-01-17', 250.00),
(4, 4, '2023-01-18', 180.00),
(5, 5, '2023-01-19', 500.00);

-- --------------------------------------------------------

--
-- Estructura de tabla para la tabla `productos`
--

CREATE TABLE `productos` (
  `id` int(11) NOT NULL,
  `nombre_producto` varchar(100) DEFAULT NULL,
  `precio` decimal(10,2) DEFAULT NULL
) ENGINE=InnoDB DEFAULT CHARSET=utf8mb4 COLLATE=utf8mb4_general_ci;

--
-- Volcado de datos para la tabla `productos`
--

INSERT INTO `productos` (`id`, `nombre_producto`, `precio`) VALUES
(1, 'Laptop', 800.00),
(2, 'Smartphone', 400.00),
(3, 'Tablet', 200.00),
(4, 'Impresora', 150.00),
(5, 'Monitor', 300.00),
(6, 'Teclado', 50.00),
(7, 'Mouse', 30.00),
(8, 'Auriculares', 80.00),
(9, 'Cámara Web', 60.00),
(10, 'Altavoces', 70.00),
(11, 'Disco Duro Externo', 120.00),
(12, 'Router', 90.00),
(13, 'Memoria USB', 20.00),
(14, 'Mochila para Laptop', 40.00),
(15, 'Lámpara LED', 25.00);

--
-- Índices para tablas volcadas
--

--
-- Indices de la tabla `clientes`
--
ALTER TABLE `clientes`
  ADD PRIMARY KEY (`id`);

--
-- Indices de la tabla `detalles_pedido`
--
ALTER TABLE `detalles_pedido`
  ADD PRIMARY KEY (`id`),
  ADD KEY `pedidos_id` (`pedidos_id`),
  ADD KEY `productos_id` (`productos_id`);

--
-- Indices de la tabla `pedidos`
--
ALTER TABLE `pedidos`
  ADD PRIMARY KEY (`id`),
  ADD KEY `clientes_id` (`clientes_id`);

--
-- Indices de la tabla `productos`
--
ALTER TABLE `productos`
  ADD PRIMARY KEY (`id`);

--
-- AUTO_INCREMENT de las tablas volcadas
--

--
-- AUTO_INCREMENT de la tabla `clientes`
--
ALTER TABLE `clientes`
  MODIFY `id` int(11) NOT NULL AUTO_INCREMENT, AUTO_INCREMENT=6;

--
-- AUTO_INCREMENT de la tabla `detalles_pedido`
--
ALTER TABLE `detalles_pedido`
  MODIFY `id` int(11) NOT NULL AUTO_INCREMENT, AUTO_INCREMENT=13;

--
-- AUTO_INCREMENT de la tabla `pedidos`
--
ALTER TABLE `pedidos`
  MODIFY `id` int(11) NOT NULL AUTO_INCREMENT, AUTO_INCREMENT=6;

--
-- AUTO_INCREMENT de la tabla `productos`
--
ALTER TABLE `productos`
  MODIFY `id` int(11) NOT NULL AUTO_INCREMENT, AUTO_INCREMENT=16;

--
-- Restricciones para tablas volcadas
--

--
-- Filtros para la tabla `detalles_pedido`
--
ALTER TABLE `detalles_pedido`
  ADD CONSTRAINT `detalles_pedido_ibfk_1` FOREIGN KEY (`pedidos_id`) REFERENCES `pedidos` (`id`),
  ADD CONSTRAINT `detalles_pedido_ibfk_2` FOREIGN KEY (`productos_id`) REFERENCES `productos` (`id`);

--
-- Filtros para la tabla `pedidos`
--
ALTER TABLE `pedidos`
  ADD CONSTRAINT `pedidos_ibfk_1` FOREIGN KEY (`clientes_id`) REFERENCES `clientes` (`id`);
COMMIT;

/*!40101 SET CHARACTER_SET_CLIENT=@OLD_CHARACTER_SET_CLIENT */;
/*!40101 SET CHARACTER_SET_RESULTS=@OLD_CHARACTER_SET_RESULTS */;
/*!40101 SET COLLATION_CONNECTION=@OLD_COLLATION_CONNECTION */;
